Workbook

Sheet Executive Summary
A1: INVENTORY VALUATION & CONTROL DASHBOARD
A2: Finance Department Monthly Inventory Assessment & KPI Overview
B4: TOTAL INVENTORY VALUE | E4: TOTAL NRV PROVISION | H4: OBSOLESCENCE RESERVE | K4: SKUS BELOW REORDER POINT
B5: =SUM('Inventory Master'!I5:I34) | E5: =SUM('Inventory Master'!K5:K34) | H5: =SUM('Aging & Reserve'!K5:K34) | K5: =COUNTIF('Inventory Master'!O5:O34, "REORDER")
B8: Inventory Valuation by Category
B9: Category | C9: SKU Count | D9: Total Inventory Cost | E9: LCM / Valuation Adjustment | F9: Net Book Value
B10: Raw Materials | C10: =COUNTIF('Inventory Master'!C5:C34, "Raw Materials") | D10: =SUMIF('Inventory Master'!C5:C34, "Raw Materials", 'Inventory Master'!I5:I34) | E10: =SUMIF('Inventory Master'!C5:C34, "Raw Materials", 'Inventory Master'!K5:K34) | F10: =D10-E10
B11: Work in Progress | C11: =COUNTIF('Inventory Master'!C5:C34, "Work in Progress") | D11: =SUMIF('Inventory Master'!C5:C34, "Work in Progress", 'Inventory Master'!I5:I34) | E11: =SUMIF('Inventory Master'!C5:C34, "Work in Progress", 'Inventory Master'!K5:K34) | F11: =D11-E11
B12: Finished Goods | C12: =COUNTIF('Inventory Master'!C5:C34, "Finished Goods") | D12: =SUMIF('Inventory Master'!C5:C34, "Finished Goods", 'Inventory Master'!I5:I34) | E12: =SUMIF('Inventory Master'!C5:C34, "Finished Goods", 'Inventory Master'!K5:K34) | F12: =D12-E12
B13: Packaging Materials | C13: =COUNTIF('Inventory Master'!C5:C34, "Packaging Materials") | D13: =SUMIF('Inventory Master'!C5:C34, "Packaging Materials", 'Inventory Master'!I5:I34) | E13: =SUMIF('Inventory Master'!C5:C34, "Packaging Materials", 'Inventory Master'!K5:K34) | F13: =D13-E13
B14: Total | C14: =SUM(C10:C13) | D14: =SUM(D10:D13) | E14: =SUM(E10:E13) | F14: =SUM(F10:F13)

Sheet Inventory Master
A1: INVENTORY MASTER & LCM VALUATION LEDGER
A2: AS OF AUGUST 2026 - INCLUDES LOWER OF COST OR NET REALIZABLE VALUE (NRV) ANALYSIS
A4: SKU ID | B4: Item Description | C4: Category | D4: Warehouse Location | E4: UOM | F4: Unit Cost ($) | G4: NRV / Unit ($) | H4: Qty on Hand | I4: Total Cost ($) | J4: Total NRV ($) | K4: LCM Reserve ($) | L4: Reorder Point | M4: Safety Stock | N4: Valuation Method | O4: Stock Status
A5: SKU-1001 | B5: Precision Steel Bearings | C5: Raw Materials | D5: WH-A East | E5: PCS | F5: 12.5 | G5: 14 | H5: 1500 | I5: =F5*H5 | J5: =G5*H5 | K5: =MAX(0, I5-J5) | L5: 500 | M5: 200 | N5: FIFO | O5: =IF(H5<=L5,"REORDER","OK")
A6: SKU-1002 | B6: Aluminum Extrusion Bars | C6: Raw Materials | D6: WH-A East | E6: MTR | F6: 28 | G6: 25 | H6: 800 | I6: =F6*H6 | J6: =G6*H6 | K6: =MAX(0, I6-J6) | L6: 300 | M6: 100 | N6: FIFO | O6: =IF(H6<=L6,"REORDER","OK")
A7: SKU-1003 | B7: Microcontroller Units v2 | C7: Raw Materials | D7: WH-B West | E7: PCS | F7: 4.75 | G7: 4.8 | H7: 4200 | I7: =F7*H7 | J7: =G7*H7 | K7: =MAX(0, I7-J7) | L7: 1000 | M7: 400 | N7: Weighted Avg | O7: =IF(H7<=L7,"REORDER","OK")
A8: SKU-1004 | B8: Hydraulic Cylinder Sub-Assy | C8: Work in Progress | D8: WH-C Central | E8: UNITS | F8: 185 | G8: 180 | H8: 120 | I8: =F8*H8 | J8: =G8*H8 | K8: =MAX(0, I8-J8) | L8: 50 | M8: 20 | N8: FIFO | O8: =IF(H8<=L8,"REORDER","OK")
A9: SKU-1005 | B9: Industrial Control Panel Alpha | C9: Finished Goods | D9: WH-A East | E9: UNITS | F9: 650 | G9: 720 | H9: 45 | I9: =F9*H9 | J9: =G9*H9 | K9: =MAX(0, I9-J9) | L9: 20 | M9: 10 | N9: FIFO | O9: =IF(H9<=L9,"REORDER","OK")
A10: SKU-1006 | B10: Corrugated Shipping Boxes L | C10: Packaging Materials | D10: WH-A East | E10: BOX | F10: 1.85 | G10: 1.9 | H10: 5000 | I10: =F10*H10 | J10: =G10*H10 | K10: =MAX(0, I10-J10) | L10: 1500 | M10: 500 | N10: Weighted Avg | O10: =IF(H10<=L10,"REORDER","OK")
A11: SKU-1007 | B11: Copper Wiring Spool 100m | C11: Raw Materials | D11: WH-B West | E11: SPOOL | F11: 45 | G11: 42 | H11: 310 | I11: =F11*H11 | J11: =G11*H11 | K11: =MAX(0, I11-J11) | L11: 100 | M11: 30 | N11: FIFO | O11: =IF(H11<=L11,"REORDER","OK")
A12: SKU-1008 | B12: Lithium-Ion Battery Pack 24V | C12: Raw Materials | D12: WH-B West | E12: UNITS | F12: 110 | G12: 95 | H12: 240 | I12: =F12*H12 | J12: =G12*H12 | K12: =MAX(0, I12-J12) | L12: 100 | M12: 40 | N12: FIFO | O12: =IF(H12<=L12,"REORDER","OK")
A13: SKU-1009 | B13: Servo Motor Drive 500W | C13: Finished Goods | D13: WH-C Central | E13: UNITS | F13: 320 | G13: 350 | H13: 85 | I13: =F13*H13 | J13: =G13*H13 | K13: =MAX(0, I13-J13) | L13: 30 | M13: 15 | N13: FIFO | O13: =IF(H13<=L13,"REORDER","OK")
A14: SKU-1010 | B14: Heavy Duty Polymer Casing | C14: Work in Progress | D14: WH-A East | E14: PCS | F14: 35 | G14: 36 | H14: 620 | I14: =F14*H14 | J14: =G14*H14 | K14: =MAX(0, I14-J14) | L14: 200 | M14: 80 | N14: Weighted Avg | O14: =IF(H14<=L14,"REORDER","OK")
A15: SKU-1011 | B15: High-Temp Gasket Seal | C15: Raw Materials | D15: WH-A East | E15: PCS | F15: 3.2 | G15: 3.1 | H15: 2800 | I15: =F15*H15 | J15: =G15*H15 | K15: =MAX(0, I15-J15) | L15: 800 | M15: 300 | N15: Weighted Avg | O15: =IF(H15<=L15,"REORDER","OK")
A16: SKU-1012 | B16: Pneumatic Valve Assembly | C16: Finished Goods | D16: WH-C Central | E16: UNITS | F16: 145 | G16: 160 | H16: 190 | I16: =F16*H16 | J16: =G16*H16 | K16: =MAX(0, I16-J16) | L16: 60 | M16: 25 | N16: FIFO | O16: =IF(H16<=L16,"REORDER","OK")
... A34: SKU-1030 | B34: Stretch Wrap Film Roll | C34: Packaging Materials | D34: WH-A East | E34: ROLL | F34: 18 | G34: 18.5 | H34: 320 | I34: =F34*H34 | J34: =G34*H34 | K34: =MAX(0, I34-J34) | L34: 100 | M34: 40 | N34: Weighted Avg | O34: =IF(H34<=L34,"REORDER","OK")
B35: Total Portfolio Value | H35: =SUM(H5:H34) | I35: =SUM(I5:I34) | J35: =SUM(J5:J34) | K35: =SUM(K5:K34)

Sheet Aging & Reserve
A1: INVENTORY AGING ANALYSIS & OBSOLESCENCE PROVISION
A2: ESTIMATED OBSOLESCENCE RESERVE BASED ON AGING BUCKETS & POLICY RATES
A4: SKU ID | B4: Item Description | C4: Total Qty | D4: Total Value ($) | E4: 0-30 Days | F4: 31-90 Days | G4: 91-180 Days | H4: 181-365 Days | I4: >365 Days (Obsolete) | J4: Obsolescence Reserve Rate (%) | K4: Required Reserve ($)
A5: ='Inventory Master'!A5 | B5: ='Inventory Master'!B5 | C5: ='Inventory Master'!H5 | D5: ='Inventory Master'!I5 | E5: =ROUND(C5*0.6,0) | F5: =ROUND(C5*0.25,0) | G5: =ROUND(C5*0.1,0) | H5: =ROUND(C5*0.05,0) | I5: =C5-SUM(E5:H5) | J5: =IF(C5>0, (G5*0.10 + H5*0.30 + I5*1.00)/C5, 0) | K5: =D5*J5
A6: ='Inventory Master'!A6 | B6: ='Inventory Master'!B6 | C6: ='Inventory Master'!H6 | D6: ='Inventory Master'!I6 | E6: =ROUND(C6*0.1,0) | F6: =ROUND(C6*0.15,0) | G6: =ROUND(C6*0.25,0) | H6: =ROUND(C6*0.3,0) | I6: =C6-SUM(E6:H6) | J6: =IF(C6>0, (G6*0.10 + H6*0.30 + I6*1.00)/C6, 0) | K6: =D6*J6
A7: ='Inventory Master'!A7 | B7: ='Inventory Master'!B7 | C7: ='Inventory Master'!H7 | D7: ='Inventory Master'!I7 | E7: =ROUND(C7*0.6,0) | F7: =ROUND(C7*0.25,0) | G7: =ROUND(C7*0.1,0) | H7: =ROUND(C7*0.05,0) | I7: =C7-SUM(E7:H7) | J7: =IF(C7>0, (G7*0.10 + H7*0.30 + I7*1.00)/C7, 0) | K7: =D7*J7
A8: ='Inventory Master'!A8 | B8: ='Inventory Master'!B8 | C8: ='Inventory Master'!H8 | D8: ='Inventory Master'!I8 | E8: =ROUND(C8*0.6,0) | F8: =ROUND(C8*0.25,0) | G8: =ROUND(C8*0.1,0) | H8: =ROUND(C8*0.05,0) | I8: =C8-SUM(E8:H8) | J8: =IF(C8>0, (G8*0.10 + H8*0.30 + I8*1.00)/C8, 0) | K8: =D8*J8
A9: ='Inventory Master'!A9 | B9: ='Inventory Master'!B9 | C9: ='Inventory Master'!H9 | D9: ='Inventory Master'!I9 | E9: =ROUND(C9*0.6,0) | F9: =ROUND(C9*0.25,0) | G9: =ROUND(C9*0.1,0) | H9: =ROUND(C9*0.05,0) | I9: =C9-SUM(E9:H9) | J9: =IF(C9>0, (G9*0.10 + H9*0.30 + I9*1.00)/C9, 0) | K9: =D9*J9
A10: ='Inventory Master'!A10 | B10: ='Inventory Master'!B10 | C10: ='Inventory Master'!H10 | D10: ='Inventory Master'!I10 | E10: =ROUND(C10*0.6,0) | F10: =ROUND(C10*0.25,0) | G10: =ROUND(C10*0.1,0) | H10: =ROUND(C10*0.05,0) | I10: =C10-SUM(E10:H10) | J10: =IF(C10>0, (G10*0.10 + H10*0.30 + I10*1.00)/C10, 0) | K10: =D10*J10
A11: ='Inventory Master'!A11 | B11: ='Inventory Master'!B11 | C11: ='Inventory Master'!H11 | D11: ='Inventory Master'!I11 | E11: =ROUND(C11*0.6,0) | F11: =ROUND(C11*0.25,0) | G11: =ROUND(C11*0.1,0) | H11: =ROUND(C11*0.05,0) | I11: =C11-SUM(E11:H11) | J11: =IF(C11>0, (G11*0.10 + H11*0.30 + I11*1.00)/C11, 0) | K11: =D11*J11
A12: ='Inventory Master'!A12 | B12: ='Inventory Master'!B12 | C12: ='Inventory Master'!H12 | D12: ='Inventory Master'!I12 | E12: =ROUND(C12*0.1,0) | F12: =ROUND(C12*0.15,0) | G12: =ROUND(C12*0.25,0) | H12: =ROUND(C12*0.3,0) | I12: =C12-SUM(E12:H12) | J12: =IF(C12>0, (G12*0.10 + H12*0.30 + I12*1.00)/C12, 0) | K12: =D12*J12
A13: ='Inventory Master'!A13 | B13: ='Inventory Master'!B13 | C13: ='Inventory Master'!H13 | D13: ='Inventory Master'!I13 | E13: =ROUND(C13*0.6,0) | F13: =ROUND(C13*0.25,0) | G13: =ROUND(C13*0.1,0) | H13: =ROUND(C13*0.05,0) | I13: =C13-SUM(E13:H13) | J13: =IF(C13>0, (G13*0.10 + H13*0.30 + I13*1.00)/C13, 0) | K13: =D13*J13
A14: ='Inventory Master'!A14 | B14: ='Inventory Master'!B14 | C14: ='Inventory Master'!H14 | D14: ='Inventory Master'!I14 | E14: =ROUND(C14*0.6,0) | F14: =ROUND(C14*0.25,0) | G14: =ROUND(C14*0.1,0) | H14: =ROUND(C14*0.05,0) | I14: =C14-SUM(E14:H14) | J14: =IF(C14>0, (G14*0.10 + H14*0.30 + I14*1.00)/C14, 0) | K14: =D14*J14
A15: ='Inventory Master'!A15 | B15: ='Inventory Master'!B15 | C15: ='Inventory Master'!H15 | D15: ='Inventory Master'!I15 | E15: =ROUND(C15*0.6,0) | F15: =ROUND(C15*0.25,0) | G15: =ROUND(C15*0.1,0) | H15: =ROUND(C15*0.05,0) | I15: =C15-SUM(E15:H15) | J15: =IF(C15>0, (G15*0.10 + H15*0.30 + I15*1.00)/C15, 0) | K15: =D15*J15
A16: ='Inventory Master'!A16 | B16: ='Inventory Master'!B16 | C16: ='Inventory Master'!H16 | D16: ='Inventory Master'!I16 | E16: =ROUND(C16*0.6,0) | F16: =ROUND(C16*0.25,0) | G16: =ROUND(C16*0.1,0) | H16: =ROUND(C16*0.05,0) | I16: =C16-SUM(E16:H16) | J16: =IF(C16>0, (G16*0.10 + H16*0.30 + I16*1.00)/C16, 0) | K16: =D16*J16
A17: ='Inventory Master'!A17 | B17: ='Inventory Master'!B17 | C17: ='Inventory Master'!H17 | D17: ='Inventory Master'!I17 | E17: =ROUND(C17*0.6,0) | F17: =ROUND(C17*0.25,0) | G17: =ROUND(C17*0.1,0) | H17: =ROUND(C17*0.05,0) | I17: =C17-SUM(E17:H17) | J17: =IF(C17>0, (G17*0.10 + H17*0.30 + I17*1.00)/C17, 0) | K17: =D17*J17
A18: ='Inventory Master'!A18 | B18: ='Inventory Master'!B18 | C18: ='Inventory Master'!H18 | D18: ='Inventory Master'!I18 | E18: =ROUND(C18*0.6,0) | F18: =ROUND(C18*0.25,0) | G18: =ROUND(C18*0.1,0) | H18: =ROUND(C18*0.05,0) | I18: =C18-SUM(E18:H18) | J18: =IF(C18>0, (G18*0.10 + H18*0.30 + I18*1.00)/C18, 0) | K18: =D18*J18
A19: ='Inventory Master'!A19 | B19: ='Inventory Master'!B19 | C19: ='Inventory Master'!H19 | D19: ='Inventory Master'!I19 | E19: =ROUND(C19*0.1,0) | F19: =ROUND(C19*0.15,0) | G19: =ROUND(C19*0.25,0) | H19: =ROUND(C19*0.3,0) | I19: =C19-SUM(E19:H19) | J19: =IF(C19>0, (G19*0.10 + H19*0.30 + I19*1.00)/C19, 0) | K19: =D19*J19
A20: ='Inventory Master'!A20 | B20: ='Inventory Master'!B20 | C20: ='Inventory Master'!H20 | D20: ='Inventory Master'!I20 | E20: =ROUND(C20*0.6,0) | F20: =ROUND(C20*0.25,0) | G20: =ROUND(C20*0.1,0) | H20: =ROUND(C20*0.05,0) | I20: =C20-SUM(E20:H20) | J20: =IF(C20>0, (G20*0.10 + H20*0.30 + I20*1.00)/C20, 0) | K20: =D20*J20
A21: ='Inventory Master'!A21 | B21: ='Inventory Master'!B21 | C21: ='Inventory Master'!H21 | D21: ='Inventory Master'!I21 | E21: =ROUND(C21*0.6,0) | F21: =ROUND(C21*0.25,0) | G21: =ROUND(C21*0.1,0) | H21: =ROUND(C21*0.05,0) | I21: =C21-SUM(E21:H21) | J21: =IF(C21>0, (G21*0.10 + H21*0.30 + I21*1.00)/C21, 0) | K21: =D21*J21
A22: ='Inventory Master'!A22 | B22: ='Inventory Master'!B22 | C22: ='Inventory Master'!H22 | D22: ='Inventory Master'!I22 | E22: =ROUND(C22*0.6,0) | F22: =ROUND(C22*0.25,0) | G22: =ROUND(C22*0.1,0) | H22: =ROUND(C22*0.05,0) | I22: =C22-SUM(E22:H22) | J22: =IF(C22>0, (G22*0.10 + H22*0.30 + I22*1.00)/C22, 0) | K22: =D22*J22
A23: ='Inventory Master'!A23 | B23: ='Inventory Master'!B23 | C23: ='Inventory Master'!H23 | D23: ='Inventory Master'!I23 | E23: =ROUND(C23*0.6,0) | F23: =ROUND(C23*0.25,0) | G23: =ROUND(C23*0.1,0) | H23: =ROUND(C23*0.05,0) | I23: =C23-SUM(E23:H23) | J23: =IF(C23>0, (G23*0.10 + H23*0.30 + I23*1.00)/C23, 0) | K23: =D23*J23
A24: ='Inventory Master'!A24 | B24: ='Inventory Master'!B24 | C24: ='Inventory Master'!H24 | D24: ='Inventory Master'!I24 | E24: =ROUND(C24*0.1,0) | F24: =ROUND(C24*0.15,0) | G24: =ROUND(C24*0.25,0) | H24: =ROUND(C24*0.3,0) | I24: =C24-SUM(E24:H24) | J24: =IF(C24>0, (G24*0.10 + H24*0.30 + I24*1.00)/C24, 0) | K24: =D24*J24
A25: ='Inventory Master'!A25 | B25: ='Inventory Master'!B25 | C25: ='Inventory Master'!H25 | D25: ='Inventory Master'!I25 | E25: =ROUND(C25*0.6,0) | F25: =ROUND(C25*0.25,0) | G25: =ROUND(C25*0.1,0) | H25: =ROUND(C25*0.05,0) | I25: =C25-SUM(E25:H25) | J25: =IF(C25>0, (G25*0.10 + H25*0.30 + I25*1.00)/C25, 0) | K25: =D25*J25
A26: ='Inventory Master'!A26 | B26: ='Inventory Master'!B26 | C26: ='Inventory Master'!H26 | D26: ='Inventory Master'!I26 | E26: =ROUND(C26*0.6,0) | F26: =ROUND(C26*0.25,0) | G26: =ROUND(C26*0.1,0) | H26: =ROUND(C26*0.05,0) | I26: =C26-SUM(E26:H26) | J26: =IF(C26>0, (G26*0.10 + H26*0.30 + I26*1.00)/C26, 0) | K26: =D26*J26
A27: ='Inventory Master'!A27 | B27: ='Inventory Master'!B27 | C27: ='Inventory Master'!H27 | D27: ='Inventory Master'!I27 | E27: =ROUND(C27*0.6,0) | F27: =ROUND(C27*0.25,0) | G27: =ROUND(C27*0.1,0) | H27: =ROUND(C27*0.05,0) | I27: =C27-SUM(E27:H27) | J27: =IF(C27>0, (G27*0.10 + H27*0.30 + I27*1.00)/C27, 0) | K27: =D27*J27
A28: ='Inventory Master'!A28 | B28: ='Inventory Master'!B28 | C28: ='Inventory Master'!H28 | D28: ='Inventory Master'!I28 | E28: =ROUND(C28*0.6,0) | F28: =ROUND(C28*0.25,0) | G28: =ROUND(C28*0.1,0) | H28: =ROUND(C28*0.05,0) | I28: =C28-SUM(E28:H28) | J28: =IF(C28>0, (G28*0.10 + H28*0.30 + I28*1.00)/C28, 0) | K28: =D28*J28
A29: ='Inventory Master'!A29 | B29: ='Inventory Master'!B29 | C29: ='Inventory Master'!H29 | D29: ='Inventory Master'!I29 | E29: =ROUND(C29*0.1,0) | F29: =ROUND(C29*0.15,0) | G29: =ROUND(C29*0.25,0) | H29: =ROUND(C29*0.3,0) | I29: =C29-SUM(E29:H29) | J29: =IF(C29>0, (G29*0.10 + H29*0.30 + I29*1.00)/C29, 0) | K29: =D29*J29
A30: ='Inventory Master'!A30 | B30: ='Inventory Master'!B30 | C30: ='Inventory Master'!H30 | D30: ='Inventory Master'!I30 | E30: =ROUND(C30*0.6,0) | F30: =ROUND(C30*0.25,0) | G30: =ROUND(C30*0.1,0) | H30: =ROUND(C30*0.05,0) | I30: =C30-SUM(E30:H30) | J30: =IF(C30>0, (G30*0.10 + H30*0.30 + I30*1.00)/C30, 0) | K30: =D30*J30
A31: ='Inventory Master'!A31 | B31: ='Inventory Master'!B31 | C31: ='Inventory Master'!H31 | D31: ='Inventory Master'!I31 | E31: =ROUND(C31*0.6,0) | F31: =ROUND(C31*0.25,0) | G31: =ROUND(C31*0.1,0) | H31: =ROUND(C31*0.05,0) | I31: =C31-SUM(E31:H31) | J31: =IF(C31>0, (G31*0.10 + H31*0.30 + I31*1.00)/C31, 0) | K31: =D31*J31
A32: ='Inventory Master'!A32 | B32: ='Inventory Master'!B32 | C32: ='Inventory Master'!H32 | D32: ='Inventory Master'!I32 | E32: =ROUND(C32*0.6,0) | F32: =ROUND(C32*0.25,0) | G32: =ROUND(C32*0.1,0) | H32: =ROUND(C32*0.05,0) | I32: =C32-SUM(E32:H32) | J32: =IF(C32>0, (G32*0.10 + H32*0.30 + I32*1.00)/C32, 0) | K32: =D32*J32
A33: ='Inventory Master'!A33 | B33: ='Inventory Master'!B33 | C33: ='Inventory Master'!H33 | D33: ='Inventory Master'!I33 | E33: =ROUND(C33*0.6,0) | F33: =ROUND(C33*0.25,0) | G33: =ROUND(C33*0.1,0) | H33: =ROUND(C33*0.05,0) | I33: =C33-SUM(E33:H33) | J33: =IF(C33>0, (G33*0.10 + H33*0.30 + I33*1.00)/C33, 0) | K33: =D33*J33
A34: ='Inventory Master'!A34 | B34: ='Inventory Master'!B34 | C34: ='Inventory Master'!H34 | D34: ='Inventory Master'!I34 | E34: =ROUND(C34*0.6,0) | F34: =ROUND(C34*0.25,0) | G34: =ROUND(C34*0.1,0) | H34: =ROUND(C34*0.05,0) | I34: =C34-SUM(E34:H34) | J34: =IF(C34>0, (G34*0.10 + H34*0.30 + I34*1.00)/C34, 0) | K34: =D34*J34
B35: Total | C35: =SUM(C5:C34) | D35: =SUM(D5:D34) | E35: =SUM(E5:E34) | F35: =SUM(F5:F34) | G35: =SUM(G5:G34) | H35: =SUM(H5:H34) | I35: =SUM(I5:I34) | J35: =K35/D35 | K35: =SUM(K5:K34)

Sheet Movement Ledger
A1: INVENTORY MOVEMENT & TRANSACTION LEDGER
A2: AUDIT TRAIL FOR RECEIPTS, ISSUES, AND ADJUSTMENTS
A4: Txn ID | B4: Date | C4: SKU ID | D4: Item Description | E4: Movement Type | F4: Quantity | G4: Unit Cost ($) | H4: Total Amount ($) | I4: Reference Doc / PO | J4: Performed By
A5: TXN-9001 | B5: 2026-08-01 | C5: SKU-1001 | D5: Precision Steel Bearings | E5: Goods Receipt | F5: 500 | G5: 12.5 | H5: =F5*G5 | I5: PO-8841 | J5: M. Scott
A6: TXN-9002 | B6: 2026-08-01 | C6: SKU-1005 | D6: Industrial Control Panel Alpha | E6: Goods Issue | F6: -5 | G6: 650 | H6: =F6*G6 | I6: WO-3021 | J6: J. Halpert
A7: TXN-9003 | B7: 2026-08-02 | C7: SKU-1003 | D7: Microcontroller Units v2 | E7: Goods Receipt | F7: 1000 | G7: 4.75 | H7: =F7*G7 | I7: PO-8845 | J7: P. Beesly
A8: TXN-9004 | B8: 2026-08-03 | C8: SKU-1008 | D8: Lithium-Ion Battery Pack 24V | E8: Goods Issue | F8: -20 | G8: 110 | H8: =F8*G8 | I8: WO-3025 | J8: D. Schrute
A9: TXN-9005 | B9: 2026-08-04 | C9: SKU-1011 | D9: High-Temp Gasket Seal | E9: Inventory Adj | F9: -50 | G9: 3.2 | H9: =F9*G9 | I9: ADJ-104 | J9: A. Martin
A10: TXN-9006 | B10: 2026-08-05 | C10: SKU-1002 | D10: Aluminum Extrusion Bars | E10: Goods Receipt | F10: 300 | G10: 28 | H10: =F10*G10 | I10: PO-8850 | J10: M. Scott
A11: TXN-9007 | B11: 2026-08-06 | C11: SKU-1019 | D11: Thermal Paste Tube 50g | E11: Goods Issue | F11: -100 | G11: 6.5 | H11: =F11*G11 | I11: WO-3030 | J11: J. Halpert
A12: TXN-9008 | B12: 2026-08-07 | C12: SKU-1014 | D12: Titanium Fastener Kit | E12: Goods Receipt | F12: 50 | G12: 88 | H12: =F12*G12 | I12: PO-8855 | J12: P. Beesly
A13: TXN-9009 | B13: 2026-08-08 | C13: SKU-1004 | D13: Hydraulic Cylinder Sub-Assy | E13: Goods Issue | F13: -8 | G13: 185 | H13: =F13*G13 | I13: WO-3033 | J13: D. Schrute
A14: TXN-9010 | B14: 2026-08-09 | C14: SKU-1020 | D14: Smart Gateway Router | E14: Goods Receipt | F14: 100 | G14: 195 | H14: =F14*G14 | I14: PO-8860 | J14: M. Scott
A15: TXN-9011 | B15: 2026-08-10 | C15: SKU-1028 | D15: Cooling Fan 120mm 12V | E15: Goods Issue | F15: -200 | G15: 8.2 | H15: =F15*G15 | I15: WO-3040 | J15: J. Halpert
A16: TXN-9012 | B16: 2026-08-11 | C16: SKU-1007 | D16: Copper Wiring Spool 100m | E16: Inventory Adj | F16: -10 | G16: 45 | H16: =F16*G16 | I16: ADJ-108 | J16: A. Martin
D17: Net Movement Total | F17: =SUM(F5:F16) | H17: =SUM(H5:H16)

Sheet Procurement & Reorder
A1: REORDER & PROCUREMENT PLANNING WORKSHEET
A2: AUTOMATIC REORDER TRIGGER & PURCHASE ORDER ESTIMATION
A4: SKU ID | B4: Item Description | C4: Category | D4: Qty On Hand | E4: Reorder Point | F4: Safety Stock | G4: Reorder Flag | H4: EOQ / Order Qty | I4: Unit Cost ($) | J4: Est Purchase Amt ($)
A5: ='Inventory Master'!A5 | B5: ='Inventory Master'!B5 | C5: ='Inventory Master'!C5 | D5: ='Inventory Master'!H5 | E5: ='Inventory Master'!L5 | F5: ='Inventory Master'!M5 | G5: ='Inventory Master'!O5 | H5: =IF(G5="REORDER", (E5 + F5)*2 - D5, 0) | I5: ='Inventory Master'!F5 | J5: =H5*I5
A6: ='Inventory Master'!A6 | B6: ='Inventory Master'!B6 | C6: ='Inventory Master'!C6 | D6: ='Inventory Master'!H6 | E6: ='Inventory Master'!L6 | F6: ='Inventory Master'!M6 | G6: ='Inventory Master'!O6 | H6: =IF(G6="REORDER", (E6 + F6)*2 - D6, 0) | I6: ='Inventory Master'!F6 | J6: =H6*I6
A7: ='Inventory Master'!A7 | B7: ='Inventory Master'!B7 | C7: ='Inventory Master'!C7 | D7: ='Inventory Master'!H7 | E7: ='Inventory Master'!L7 | F7: ='Inventory Master'!M7 | G7: ='Inventory Master'!O7 | H7: =IF(G7="REORDER", (E7 + F7)*2 - D7, 0) | I7: ='Inventory Master'!F7 | J7: =H7*I7
A8: ='Inventory Master'!A8 | B8: ='Inventory Master'!B8 | C8: ='Inventory Master'!C8 | D8: ='Inventory Master'!H8 | E8: ='Inventory Master'!L8 | F8: ='Inventory Master'!M8 | G8: ='Inventory Master'!O8 | H8: =IF(G8="REORDER", (E8 + F8)*2 - D8, 0) | I8: ='Inventory Master'!F8 | J8: =H8*I8
A9: ='Inventory Master'!A9 | B9: ='Inventory Master'!B9 | C9: ='Inventory Master'!C9 | D9: ='Inventory Master'!H9 | E9: ='Inventory Master'!L9 | F9: ='Inventory Master'!M9 | G9: ='Inventory Master'!O9 | H9: =IF(G9="REORDER", (E9 + F9)*2 - D9, 0) | I9: ='Inventory Master'!F9 | J9: =H9*I9
A10: ='Inventory Master'!A10 | B10: ='Inventory Master'!B10 | C10: ='Inventory Master'!C10 | D10: ='Inventory Master'!H10 | E10: ='Inventory Master'!L10 | F10: ='Inventory Master'!M10 | G10: ='Inventory Master'!O10 | H10: =IF(G10="REORDER", (E10 + F10)*2 - D10, 0) | I10: ='Inventory Master'!F10 | J10: =H10*I10
A11: ='Inventory Master'!A11 | B11: ='Inventory Master'!B11 | C11: ='Inventory Master'!C11 | D11: ='Inventory Master'!H11 | E11: ='Inventory Master'!L11 | F11: ='Inventory Master'!M11 | G11: ='Inventory Master'!O11 | H11: =IF(G11="REORDER", (E11 + F11)*2 - D11, 0) | I11: ='Inventory Master'!F11 | J11: =H11*I11
A12: ='Inventory Master'!A12 | B12: ='Inventory Master'!B12 | C12: ='Inventory Master'!C12 | D12: ='Inventory Master'!H12 | E12: ='Inventory Master'!L12 | F12: ='Inventory Master'!M12 | G12: ='Inventory Master'!O12 | H12: =IF(G12="REORDER", (E12 + F12)*2 - D12, 0) | I12: ='Inventory Master'!F12 | J12: =H12*I12
A13: ='Inventory Master'!A13 | B13: ='Inventory Master'!B13 | C13: ='Inventory Master'!C13 | D13: ='Inventory Master'!H13 | E13: ='Inventory Master'!L13 | F13: ='Inventory Master'!M13 | G13: ='Inventory Master'!O13 | H13: =IF(G13="REORDER", (E13 + F13)*2 - D13, 0) | I13: ='Inventory Master'!F13 | J13: =H13*I13
A14: ='Inventory Master'!A14 | B14: ='Inventory Master'!B14 | C14: ='Inventory Master'!C14 | D14: ='Inventory Master'!H14 | E14: ='Inventory Master'!L14 | F14: ='Inventory Master'!M14 | G14: ='Inventory Master'!O14 | H14: =IF(G14="REORDER", (E14 + F14)*2 - D14, 0) | I14: ='Inventory Master'!F14 | J14: =H14*I14
A15: ='Inventory Master'!A15 | B15: ='Inventory Master'!B15 | C15: ='Inventory Master'!C15 | D15: ='Inventory Master'!H15 | E15: ='Inventory Master'!L15 | F15: ='Inventory Master'!M15 | G15: ='Inventory Master'!O15 | H15: =IF(G15="REORDER", (E15 + F15)*2 - D15, 0) | I15: ='Inventory Master'!F15 | J15: =H15*I15
A16: ='Inventory Master'!A16 | B16: ='Inventory Master'!B16 | C16: ='Inventory Master'!C16 | D16: ='Inventory Master'!H16 | E16: ='Inventory Master'!L16 | F16: ='Inventory Master'!M16 | G16: ='Inventory Master'!O16 | H16: =IF(G16="REORDER", (E16 + F16)*2 - D16, 0) | I16: ='Inventory Master'!F16 | J16: =H16*I16
... A34: ='Inventory Master'!A34 | B34: ='Inventory Master'!B34 | C34: ='Inventory Master'!C34 | D34: ='Inventory Master'!H34 | E34: ='Inventory Master'!L34 | F34: ='Inventory Master'!M34 | G34: ='Inventory Master'!O34 | H34: =IF(G34="REORDER", (E34 + F34)*2 - D34, 0) | I34: ='Inventory Master'!F34 | J34: =H34*I34
B35: Total Procurement Commitment Needed | H35: =SUM(H5:H34) | J35: =SUM(J5:J34)
